{
  "kind": "collectionType",
  "collectionName": "products",
  "info": {
    "singularName": "product",
    "pluralName": "products",
    "displayName": "Product"
  },
  "options": {
    "draftAndPublish": true
  },
  "pluginOptions": {},
  "attributes": {
    "name": {
      "type": "string"
    },
    "description": {
      "type": "string"
    },
    "price": {
      "type": "decimal"
    },
    "stock": {
      "type": "integer"
    },
    "sku": {
      "type": "string",
      "unique": true
    },
    "category": {
      "type": "string"
    },
    "brand": {
      "type": "string"
    },
    "cost": {
      "type": "decimal"
    },
    "cost": {
      "type": "decimal"
    }
  }
}
