{
  "kind": "collectionType",
  "collectionName": "customers",
  "info": {
    "singularName": "customer",
    "pluralName": "customers",
    "displayName": "Customer",
    "description": ""
  },
  "options": {
    "draftAndPublish": true
  },
  "pluginOptions": {},
  "attributes": {
    "name": {
      "type": "string",
      "required": true
    },
    "phone": {
      "type": "string"
    },
    "email": {
      "type": "email",
      "unique": true
    },
    "address": {
      "type": "string"
    }
  }
}
